{
  "project_info": {
    "project_number": "496320293166",
    "project_id": "studymate-web",
    "storage_bucket": "studymate-web.appspot.com"
  },
  "client": [
    {
      "client_info": {
        "mobilesdk_app_id": "1:496320293166:android:abc9eb265af9376de432bf",
        "android_client_info": {
          "package_name": "com.application.studymate"
        }
      },
      "oauth_client": [
        {
          "client_id": "496320293166-nclo68bmm1tr8du8mnmrmsm7nv37gk5i.apps.googleusercontent.com",
          "client_type": 1,
          "android_info": {
            "package_name": "com.application.studymate",
            "certificate_hash": "6403069f7c7e401134152db8e581ab9a68a86fe5"
          }
        }
      ],
      "api_key": [
        {
          "current_key": "AIzaSyBJg-IXxa7FKiv1wO0jSYHyih3QeknzFU0"
        }
      ],
      "services": {
        "appinvite_service": {
          "other_platform_oauth_client": [
            {
              "client_id": "496320293166-9pq96c59fcqq6aedtak3iojb9mt67e9u.apps.googleusercontent.com",
              "client_type": 3
            },
            {
              "client_id": "496320293166-lkgas31add9vshnekp9cucvlo8him4gf.apps.googleusercontent.com",
              "client_type": 2,
              "ios_info": {
                "bundle_id": "com.study-mate.app"
              }
            }
          ]
        }
      }
    }
  ],
  "configuration_version": "1"
}